HLA	pseudo
HLA-A*02:03	------------YYEKVAH---TVDTLYRY-YYTKWEQWYTWY---
HLA-A*02:05	------Y-----YYEKVV---------YDYYRDTKWQWYWY-----
HLA-A*02:06	-----MY-----YYEKVAH---TVDTLYRYHYYTKWVQLYTWY---
HLA-A*02:07	------M-----YYEKVAH---TVDTLYR-HYYTKWVQLYTWY---
HLA-A*30:01	------M-----YYENV-QT-----DTLYIYHYTKWWQLYWY----
HLA-A*68:01	-----MY-----YYRNNAQT---V--DTLYYDYTKWAVQWYTWY--
HLA-A*92:35	------M-----YYEKV-HT-----DTYRYHYYTKWVQLYWY----
HLA-A*92:53	------M-----YYEKHT---------VDTRYYTKWYTWY------
HLA-B*06:02	----YDS------YEKYRQ-------ANKYWYYTKWEQWYWY----
HLA-B*15:57	---------------YQWN-----TLYRYEFYWTKWAAYW------
HLA-B*18:01	------Y----HSYRNITNTYES-NLYLR-YSYTKWVQYTW-----
HLA-B*35:05	-------------YSGFYNDMNH-NSYPG-----------------
HLA-B*40:01	---MYHT-----KYREITNT-ESNY-----RYYSKVQYWY------
HLA-B*40:02	---MYHT----FKYREISNTYES-NLYLSYYYITKWVQLYEWY---
HLA-B*40:44	---MYHT----FKYREISNTYES-NLYLSYYYITKWVQLYEWY---
HLA-B*41:02	----YHT-----KYREIT---ESNL---YLYYYTKWQDYWY-----
HLA-B*41:04	---MYHT-----KYREISNT-ESNL---YLYYYTKWAVQDYTWY--
HLA-B*42:02	------------YYRNIYAQTES-NLYL--YYYTKWAVQDYWY---
HLA-B*46:01	-----------MYYREKY-QTVS-NLY---RYYTKWEQWYLWY---
HLA-B*57:06	------M-----YYENSTNI---------YIYYIKWQLYWY-----
HLA-B*57:12	------M-----YYENMTYN------NYIYDYWTKWQLYWY-----
HLA-B*81:03	-----------YYYRNIYAQTES-NYY---NYYSKVQDYEWY----
HLA-B*92:34	------------MYEKH--T-----DTLYRYYYTKWVQYTWY----
HLA-C*01:02	-----------YHYRES--ATIF-NT-YWHFYWSKSEHQYWY----
HLA-C*03:04	------M-----YREKRQT-----SNLY--RYYYTWEQYWY-----
HLA-C*04:01	------Y-----YREKYRQD----NKLYLRFFYTKWRYWY------
HLA-C*05:17	------M-----YYEKRQT-----NKLYRYNFYTKWERYWY-----
HLA-C*06:02	MYDSYEK------YRQADV-------NKLYWYYTKWQWYWY-----
HLA-C*07:56	-----YD----FSYREKY-QAVS-NLYR--SDYTKLAQLYTWY---
HLA-C*16:04	-----------YYYRNIFNTYES-NLY---RYYTKWQLYLWY----
HLA-A*01:01	------M-----YYQENTHT---NTLYIIYRDYTKWAQRYYRGRY-
HLA-A*02:01	---MYMM-----YYEKVVHHTHTVDTLYRYYYYTKWVQLYYYYY--
HLA-A*02:24	----MYM-----YYEKH-HT----DTLYRYYYYTKWVQLYWY----
HLA-A*03:01	-----MY-----YQENVVAQ------DTYYRDYTKWEQLYTWY---
HLA-A*03:62	------M-----YYENA-QT-----DTLYYRDYTKWEQLYWY----
HLA-A*11:01	------Y-----YYENAQV---TVDTLYYYRDYTKWAAQQYWY---
HLA-A*23:01	------------YYEKVAHT------NIYLFYYTKWVQQYTGY---
HLA-A*24:02	------M-----YYEKKVHT----NIYLMFHYYTKWVQYYTYRY--
HLA-A*30:03	----YSM-----YYENVHTE----NTLYIYEHYTKWRLYTWY----
HLA-A*92:34	------------MYEKV-HT----HDT-YRYYYTKWVLLYWY----
HLA-B*07:02	-----------YYYRNIY-QTES-NLYYY-DYYTKWEQRYEWY---
HLA-B*08:01	---MYDY----YFYRNIFNTDES-NLYLSYNYYTKWVVQDYWYY--
HLA-B*14:02	---YYSY----YSEYNICTNTES-NLYLW-YFYTKWELYTW-----
HLA-B*15:01	MYYAMYY----YYREI--NTYES-NLYLRYSYYTKWAEQWYLWY--
HLA-B*27:03	----YHT-----EHREICTE-D---TLY-LYDYTKWVQLYEWY---
HLA-B*27:05	---YYHT----EYREEICTE-DEDTLYL-YYDYTKWVQLAYEWY--
HLA-B*27:09	---MYHT----EYREQICTE-TDDTY---YYHYTKWVVQLYEWY--
HLA-B*27:13	---MYHTEVVRFYREEICAK-DTDYYYHYHDAYTKWVRQLYYECWY
HLA-B*35:01	-----MM----YYRNIFTNTYES-NLYIRYSSYTKWAVQLYWY---
HLA-B*35:08	----MMY----YYRQIITNTYES-NLYIR-YSYTKWQRWYYWY---
HLA-B*39:01	-----YY----YSEYNIC-TTES-NLYLR-YFYTKWVQYYWY----
HLA-B*42:01	------------YYRNIYAQTES-NY-L--YYYTKWAVQDYWY---
HLA-B*44:02	---MYYT-----KYREISNT-ENNTT--YIYDYTKWVVQDYLSRY-
HLA-B*44:03	---MYYT-----KYREITTE---NTY--IRYDYTKWVVQLYLSRY-
HLA-B*44:05	---MYYT-----KYREITTE---NTY--I-YYYTKWVVQDYLSRY-
HLA-B*51:01	------Y-----YYRNINT------YNIYWYYYTKWEQLYLW----
HLA-B*53:01	------Y-----YYRNIFT----NTENIYIRYYTKWVQLYWY----
HLA-B*57:01	------M-----YYENTYNI------YIYDSYWTKWVQLYWY----
HLA-B*57:03	----MYY-----YEENA-ST----NTYNIYYYYTKWVQLYWYY---
HLA-B*58:01	------------YYENSTYE---NIYIRYSAYYTKWVQLYWYY---
HLA-B*81:02	------M----YYYRNIYAQTES-NLYY--NYYSKAVQLYWY----
HLA-C*15:10	-----MY-----YYENMQTD---DNIYIYIYDYTKWVQLYLWY---
