allele,population_frequency,allele_specific_cutoff
HLA-A*01:01,16.2,884
HLA-A*02:01,25.2,255
HLA-A*02:03,3.3,92
HLA-A*02:06,4.9,60
HLA-A*03:01,15.4,602
HLA-A*11:01,12.9,382
HLA-A*23:01,6.4,740
HLA-A*24:02,16.8,849
HLA-A*25:01,2.5,795
HLA-A*26:01,4.7,815
HLA-A*29:02,2.9,641
HLA-A*30:01,5.1,109
HLA-A*30:02,5,674
HLA-A*31:01,4.7,329
HLA-A*32:01,5.7,131
HLA-A*33:01,3.2,606
HLA-A*68:01,4.6,197
HLA-A*68:02,3.3,259
HLA-B*07:02,13.3,687
HLA-B*08:01,11.5,663
HLA-B*14:02,2.8,700
HLA-B*15:01,5.2,528
HLA-B*18:01,4.4,732
HLA-B*27:05,2,584
HLA-B*35:01,6.5,348
HLA-B*35:03,1.2,888
HLA-B*38:01,2,944
HLA-B*39:01,2.9,542
HLA-B*40:01,10.3,639
HLA-B*40:02,3.5,590
HLA-B*44:02,9.2,904
HLA-B*44:03,7.6,780
HLA-B*46:01,4,926
HLA-B*48:01,1.8,887
HLA-B*51:01,5.5,939
HLA-B*53:01,5.4,538
HLA-B*57:01,3.2,716
HLA-B*58:01,3.6,446
HLA-A*02:01,25.2,255
HLA-A*24:02,16.8,849
HLA-A*01:01,16.2,884
HLA-A*03:01,15.4,602
HLA-B*07:02,13.3,687
HLA-A*11:01,12.9,382
HLA-B*08:01,11.5,663
HLA-B*40:01,10.3,639
HLA-B*44:02,9.2,904
HLA-B*44:03,7.6,780
HLA-B*35:01,6.5,348
HLA-A*23:01,6.4,740
HLA-A*32:01,5.7,131
HLA-B*51:01,5.5,939
HLA-B*53:01,5.4,538
HLA-B*15:01,5.2,528
HLA-A*30:01,5.1,109
HLA-A*30:02,5,674
HLA-A*02:06,4.9,60
HLA-A*31:01,4.7,329
HLA-A*26:01,4.7,815
HLA-A*68:01,4.6,197
HLA-B*18:01,4.4,732
HLA-B*46:01,4,926
HLA-B*58:01,3.6,446
HLA-B*40:02,3.5,590
HLA-A*68:02,3.3,259
HLA-A*02:03,3.3,92
HLA-A*33:01,3.2,606
HLA-B*57:01,3.2,716
HLA-A*29:02,2.9,641
HLA-B*39:01,2.9,542
HLA-B*14:02,2.8,700
HLA-A*25:01,2.5,795
HLA-B*27:05,2,584
HLA-B*38:01,2,944
HLA-B*48:01,1.8,887
HLA-B*35:03,1.2,888
